INSERT IGNORE INTO category (id, name) VALUES (1,'海鮮');
INSERT IGNORE INTO category (id, name) VALUES (2,'天ぷら');
INSERT IGNORE INTO category (id, name) VALUES (3,'丼ぶり');
INSERT IGNORE INTO category (id, name) VALUES (4,'鍋');
INSERT IGNORE INTO category (id, name) VALUES (5,'揚げ物');
INSERT IGNORE INTO category (id, name) VALUES (6,'焼肉');
INSERT IGNORE INTO category (id, name) VALUES (7,'ラーメン');
INSERT IGNORE INTO category (id, name) VALUES (8,'チャーハン');
INSERT IGNORE INTO category (id, name) VALUES (9,'天津飯');
INSERT IGNORE INTO category (id, name) VALUES (10,'麻婆豆腐');
INSERT IGNORE INTO category (id, name) VALUES (11,'餃子');
INSERT IGNORE INTO category (id, name) VALUES (12,'北京ダック');
INSERT IGNORE INTO category (id, name) VALUES (13,'ステーキ');
INSERT IGNORE INTO category (id, name) VALUES (14,'ハンバーグ');
INSERT IGNORE INTO category (id, name) VALUES (15,'オムライス');
INSERT IGNORE INTO category (id, name) VALUES (16,'グラタン');
INSERT IGNORE INTO category (id, name) VALUES (17,'パスタ');
INSERT IGNORE INTO category (id, name) VALUES (18,'ピザ');

INSERT IGNORE INTO food (id, category_id, name, image_name, description, opening_time, closing_time, price, postal_code, address, phone_number) VALUES (1,1,'店01','food01.jpg','おいしい','10:00','22:00',2000,'460-0008','愛知県名古屋市中区栄X-XX-XX','012-345-678');
INSERT IGNORE INTO food (id, category_id, name, image_name, description, opening_time, closing_time, price, postal_code, address, phone_number) VALUES (2,1,'店02','food01.jpg','おいしい','10:00','22:00',2000,'460-0008','愛知県名古屋市中区栄X-XX-XX','012-345-678');
INSERT IGNORE INTO food (id, category_id, name, image_name, description, opening_time, closing_time, price, postal_code, address, phone_number) VALUES (3,1,'店03','food01.jpg','おいしい','10:00','22:00',2000,'460-0008','愛知県名古屋市中区栄X-XX-XX','012-345-678');
INSERT IGNORE INTO food (id, category_id, name, image_name, description, opening_time, closing_time, price, postal_code, address, phone_number) VALUES (4,1,'店04','food01.jpg','おいしい','10:00','22:00',2000,'460-0008','愛知県名古屋市中区栄X-XX-XX','012-345-678');
INSERT IGNORE INTO food (id, category_id, name, image_name, description, opening_time, closing_time, price, postal_code, address, phone_number) VALUES (5,1,'店05','food01.jpg','おいしい','10:00','22:00',2000,'460-0008','愛知県名古屋市中区栄X-XX-XX','012-345-678');
INSERT IGNORE INTO food (id, category_id, name, image_name, description, opening_time, closing_time, price, postal_code, address, phone_number) VALUES (6,1,'店06','food01.jpg','おいしい','10:00','22:00',2000,'460-0008','愛知県名古屋市中区栄X-XX-XX','012-345-678');
INSERT IGNORE INTO food (id, category_id, name, image_name, description, opening_time, closing_time, price, postal_code, address, phone_number) VALUES (7,1,'店07','food01.jpg','おいしい','10:00','22:00',2000,'460-0008','愛知県名古屋市中区栄X-XX-XX','012-345-678');
INSERT IGNORE INTO food (id, category_id, name, image_name, description, opening_time, closing_time, price, postal_code, address, phone_number) VALUES (8,1,'店08','food01.jpg','おいしい','10:00','22:00',2000,'460-0008','愛知県名古屋市中区栄X-XX-XX','012-345-678');
INSERT IGNORE INTO food (id, category_id, name, image_name, description, opening_time, closing_time, price, postal_code, address, phone_number) VALUES (9,1,'店09','food01.jpg','おいしい','10:00','22:00',2000,'460-0008','愛知県名古屋市中区栄X-XX-XX','012-345-678');
INSERT IGNORE INTO food (id, category_id, name, image_name, description, opening_time, closing_time, price, postal_code, address, phone_number) VALUES (10,1,'店10','food01.jpg','おいしい','10:00','22:00',2000,'460-0008','愛知県名古屋市中区栄X-XX-XX','012-345-678');
INSERT IGNORE INTO food (id, category_id, name, image_name, description, opening_time, closing_time, price, postal_code, address, phone_number) VALUES (11,1,'店11','food01.jpg','おいしい','10:00','22:00',2000,'460-0008','愛知県名古屋市中区栄X-XX-XX','012-345-678');
INSERT IGNORE INTO food (id, category_id, name, image_name, description, opening_time, closing_time, price, postal_code, address, phone_number) VALUES (12,1,'店12','food01.jpg','おいしい','10:00','22:00',2000,'460-0008','愛知県名古屋市中区栄X-XX-XX','012-345-678');
INSERT IGNORE INTO food (id, category_id, name, image_name, description, opening_time, closing_time, price, postal_code, address, phone_number) VALUES (13,1,'店13','food01.jpg','おいしい','10:00','22:00',2000,'460-0008','愛知県名古屋市中区栄X-XX-XX','012-345-678');
INSERT IGNORE INTO food (id, category_id, name, image_name, description, opening_time, closing_time, price, postal_code, address, phone_number) VALUES (14,1,'店14','food01.jpg','おいしい','10:00','22:00',2000,'460-0008','愛知県名古屋市中区栄X-XX-XX','012-345-678');
INSERT IGNORE INTO food (id, category_id, name, image_name, description, opening_time, closing_time, price, postal_code, address, phone_number) VALUES (15,1,'店15','food01.jpg','おいしい','10:00','22:00',2000,'460-0008','愛知県名古屋市中区栄X-XX-XX','012-345-678');
INSERT IGNORE INTO food (id, category_id, name, image_name, description, opening_time, closing_time, price, postal_code, address, phone_number) VALUES (16,1,'店16','food01.jpg','おいしい','10:00','22:00',2000,'460-0008','愛知県名古屋市中区栄X-XX-XX','012-345-678');
INSERT IGNORE INTO food (id, category_id, name, image_name, description, opening_time, closing_time, price, postal_code, address, phone_number) VALUES (17,1,'店17','food01.jpg','おいしい','10:00','22:00',2000,'460-0008','愛知県名古屋市中区栄X-XX-XX','012-345-678');
INSERT IGNORE INTO food (id, category_id, name, image_name, description, opening_time, closing_time, price, postal_code, address, phone_number) VALUES (18,1,'店18','food01.jpg','おいしい','10:00','22:00',2000,'460-0008','愛知県名古屋市中区栄X-XX-XX','012-345-678');

-- rolesテーブル
INSERT IGNORE INTO role (id, name) VALUES (1, 'ROLE_GENERAL');
INSERT IGNORE INTO role (id, name) VALUES (2, 'ROLE_ADMIN');

-- usersテーブル
INSERT IGNORE INTO user (id, name, furigana, postal_code, address, phone_number, email, password, role_id, enabled) VALUES (1, '侍 太郎', 'サムライ タロウ', '101-0022', '東京都千代田区神田練塀町300番地', '090-1234-5678', 'taro.samurai@example.com', '$2a$10$2JNjTwZBwo7fprL2X4sv.OEKqxnVtsVQvuXDkI8xVGix.U3W5B7CO', 1, true);
INSERT IGNORE INTO user (id, name, furigana, postal_code, address, phone_number, email, password, role_id, enabled) VALUES (2, '侍 花子', 'サムライ ハナコ', '101-0022', '東京都千代田区神田練塀町300番地', '090-1234-5678', 'hanako.samurai@example.com', '$2a$10$2JNjTwZBwo7fprL2X4sv.OEKqxnVtsVQvuXDkI8xVGix.U3W5B7CO', 2, true);
INSERT IGNORE INTO user (id, name, furigana, postal_code, address, phone_number, email, password, role_id, enabled) VALUES (3, '侍 義勝', 'サムライ ヨシカツ', '638-0644', '奈良県五條市西吉野町湯川X-XX-XX', '090-1234-5678', 'yoshikatsu.samurai@example.com', 'password', 1, false);
INSERT IGNORE INTO user (id, name, furigana, postal_code, address, phone_number, email, password, role_id, enabled) VALUES (4, '侍 幸美', 'サムライ サチミ', '342-0006', '埼玉県吉川市南広島X-XX-XX', '090-1234-5678', 'sachimi.samurai@example.com', 'password', 1, false);
INSERT IGNORE INTO user (id, name, furigana, postal_code, address, phone_number, email, password, role_id, enabled) VALUES (5, '侍 雅', 'サムライ ミヤビ', '527-0209', '滋賀県東近江市佐目町X-XX-XX', '090-1234-5678', 'miyabi.samurai@example.com', 'password', 1, false);
INSERT IGNORE INTO user (id, name, furigana, postal_code, address, phone_number, email, password, role_id, enabled) VALUES (6, '侍 正保', 'サムライ マサヤス', '989-1203', '宮城県柴田郡大河原町旭町X-XX-XX', '090-1234-5678', 'masayasu.samurai@example.com', 'password', 1, false);
INSERT IGNORE INTO user (id, name, furigana, postal_code, address, phone_number, email, password, role_id, enabled) VALUES (7, '侍 真由美', 'サムライ マユミ', '951-8015', '新潟県新潟市松岡町X-XX-XX', '090-1234-5678', 'mayumi.samurai@example.com', 'password', 1, false);
INSERT IGNORE INTO user (id, name, furigana, postal_code, address, phone_number, email, password, role_id, enabled) VALUES (8, '侍 安民', 'サムライ ヤスタミ', '241-0033', '神奈川県横浜市旭区今川町X-XX-XX', '090-1234-5678', 'yasutami.samurai@example.com', 'password', 1, false);
INSERT IGNORE INTO user (id, name, furigana, postal_code, address, phone_number, email, password, role_id, enabled) VALUES (9, '侍 章緒', 'サムライ アキオ', '739-2103', '広島県東広島市高屋町宮領X-XX-XX', '090-1234-5678', 'akio.samurai@example.com', 'password', 1, false);
INSERT IGNORE INTO user (id, name, furigana, postal_code, address, phone_number, email, password, role_id, enabled) VALUES (10, '侍 祐子', 'サムライ ユウコ', '601-0761', '京都府南丹市美山町高野X-XX-XX', '090-1234-5678', 'yuko.samurai@example.com', 'password', 1, false);
INSERT IGNORE INTO user (id, name, furigana, postal_code, address, phone_number, email, password, role_id, enabled) VALUES (11, '侍 秋美', 'サムライ アキミ', '606-8235', '京都府京都市左京区田中西春菜町X-XX-XX', '090-1234-5678', 'akimi.samurai@example.com', 'password', 1, false);
INSERT IGNORE INTO user (id, name, furigana, postal_code, address, phone_number, email, password, role_id, enabled) VALUES (12, '侍 信平', 'サムライ シンペイ', '673-1324', '兵庫県加東市新定X-XX-XX', '090-1234-5678', 'shinpei.samurai@example.com', 'password', 1, false);
